timestamp,equity,price,position
2026-03-18 02:00:00,10000.0,74330.3,
2026-03-18 03:00:00,10000.0,74451.9,
2026-03-18 04:00:00,10000.0,74190.2,
2026-03-18 05:00:00,10000.0,73869.7,
2026-03-18 06:00:00,10000.0,73923.9,
2026-03-18 07:00:00,10000.0,73850.3,
2026-03-18 08:00:00,10000.0,74001.0,
2026-03-18 09:00:00,10000.0,74103.8,
2026-03-18 10:00:00,10000.0,73868.2,
2026-03-18 11:00:00,10000.0,72916.8,
2026-03-18 12:00:00,10000.0,72325.1,
2026-03-18 13:00:00,10000.0,72110.0,
2026-03-18 14:00:00,10000.0,71338.9,
2026-03-18 15:00:00,10000.0,71469.4,
2026-03-18 16:00:00,10000.0,71292.1,
2026-03-18 17:00:00,10000.0,71593.6,
2026-03-18 18:00:00,10000.0,71102.4,
2026-03-18 19:00:00,10000.0,71080.3,
2026-03-18 20:00:00,10000.0,71212.5,
2026-03-18 21:00:00,10000.0,71250.0,
2026-03-18 22:00:00,10000.0,71092.6,
2026-03-18 23:00:00,10000.0,71212.3,
2026-03-19 00:00:00,10000.0,71030.3,
2026-03-19 01:00:00,10000.0,71117.7,
2026-03-19 02:00:00,10000.0,71021.8,
2026-03-19 03:00:00,10000.0,71198.6,
2026-03-19 04:00:00,10000.0,70823.5,
2026-03-19 05:00:00,10000.0,70793.3,
2026-03-19 06:00:00,10000.0,70679.8,
2026-03-19 07:00:00,10000.0,70200.1,
2026-03-19 08:00:00,10000.0,69935.3,
2026-03-19 09:00:00,10000.0,70464.0,
2026-03-19 10:00:00,10000.0,70140.3,
2026-03-19 11:00:00,10000.0,69927.0,
2026-03-19 12:00:00,10000.0,69261.0,
2026-03-19 13:00:00,10000.0,69837.7,
2026-03-19 14:00:00,10000.0,69484.9,
2026-03-19 15:00:00,10000.0,69411.3,
2026-03-19 16:00:00,10000.0,69395.9,
2026-03-19 17:00:00,10000.0,69819.1,
2026-03-19 18:00:00,10000.0,69696.6,
2026-03-19 19:00:00,10000.0,70218.8,
2026-03-19 20:00:00,10000.0,70423.0,
2026-03-19 21:00:00,10000.0,70401.1,
2026-03-19 22:00:00,10000.0,70116.0,
2026-03-19 23:00:00,10000.0,69880.9,
2026-03-20 00:00:00,10000.0,70159.6,
2026-03-20 01:00:00,10000.0,70367.5,
2026-03-20 02:00:00,10000.0,70384.5,
2026-03-20 03:00:00,10000.0,70725.5,
2026-03-20 04:00:00,10000.0,70746.6,
2026-03-20 05:00:00,10000.0,70555.1,
2026-03-20 06:00:00,10000.0,70449.9,
2026-03-20 07:00:00,10000.0,70812.0,
2026-03-20 08:00:00,10000.0,71027.4,
2026-03-20 09:00:00,10000.0,70520.1,
2026-03-20 10:00:00,10000.0,70577.2,
2026-03-20 11:00:00,10000.0,70417.3,
2026-03-20 12:00:00,10000.0,70298.8,
2026-03-20 13:00:00,10000.0,69835.5,
2026-03-20 14:00:00,10000.0,69763.3,
2026-03-20 15:00:00,10000.0,69933.5,
2026-03-20 16:00:00,10000.0,69823.4,
2026-03-20 17:00:00,10000.0,69825.9,
2026-03-20 18:00:00,10000.0,69697.9,
2026-03-20 19:00:00,10000.0,70108.2,
2026-03-20 20:00:00,10000.0,70004.4,
2026-03-20 21:00:00,10000.0,70517.5,
2026-03-20 22:00:00,10000.0,70752.1,
2026-03-20 23:00:00,10000.0,70472.7,
2026-03-21 00:00:00,10000.0,70664.5,
2026-03-21 01:00:00,10000.0,70466.6,
2026-03-21 02:00:00,10000.0,70700.0,
2026-03-21 03:00:00,10000.0,70637.8,
2026-03-21 04:00:00,10000.0,70610.0,
2026-03-21 05:00:00,10000.0,70676.5,
2026-03-21 06:00:00,10000.0,70725.9,
2026-03-21 07:00:00,10000.0,70680.1,
2026-03-21 08:00:00,10000.0,70563.4,
2026-03-21 09:00:00,10000.0,70631.3,
2026-03-21 10:00:00,10000.0,70561.0,
2026-03-21 11:00:00,10000.0,70569.1,
2026-03-21 12:00:00,10000.0,70683.2,
2026-03-21 13:00:00,10000.0,70700.3,
2026-03-21 14:00:00,10000.0,70677.6,
2026-03-21 15:00:00,10000.0,70619.9,
2026-03-21 16:00:00,10000.0,70250.0,
2026-03-21 17:00:00,10000.0,70280.0,
2026-03-21 18:00:00,10000.0,70359.3,
2026-03-21 19:00:00,10000.0,70363.7,
2026-03-21 20:00:00,10000.0,70451.6,
2026-03-21 21:00:00,10000.0,70312.1,
2026-03-21 22:00:00,10000.0,70253.2,
2026-03-21 23:00:00,10000.0,69879.6,
2026-03-22 00:00:00,10000.0,68876.4,
2026-03-22 01:00:00,10000.0,68920.1,
2026-03-22 02:00:00,10000.0,69250.1,
2026-03-22 03:00:00,10000.0,69274.8,
2026-03-22 04:00:00,10000.0,69292.3,
2026-03-22 05:00:00,10000.0,69146.0,
2026-03-22 06:00:00,10000.0,69125.5,
2026-03-22 07:00:00,10000.0,68948.4,
2026-03-22 08:00:00,10000.0,68746.0,
2026-03-22 09:00:00,10000.0,68789.0,
2026-03-22 10:00:00,10000.0,68605.4,
2026-03-22 11:00:00,10000.0,68191.8,
2026-03-22 12:00:00,10000.0,68616.9,
2026-03-22 13:00:00,10000.0,68705.1,
2026-03-22 14:00:00,10000.0,68668.2,
2026-03-22 15:00:00,10000.0,68792.6,
2026-03-22 16:00:00,10000.0,68786.2,
2026-03-22 17:00:00,10000.0,68658.5,
2026-03-22 18:00:00,10000.0,68535.0,
2026-03-22 19:00:00,10000.0,68180.8,
2026-03-22 20:00:00,10000.0,68141.9,
2026-03-22 21:00:00,10000.0,67800.1,
2026-03-22 22:00:00,10000.0,68269.9,
2026-03-22 23:00:00,10000.0,67847.1,
2026-03-23 00:00:00,10000.0,67670.2,
2026-03-23 01:00:00,10000.0,67896.1,
2026-03-23 02:00:00,10000.0,68259.1,
2026-03-23 03:00:00,10000.0,68057.7,
2026-03-23 04:00:00,10000.0,68454.8,
2026-03-23 05:00:00,10000.0,68695.6,
2026-03-23 06:00:00,10000.0,67802.6,
2026-03-23 07:00:00,10000.0,68330.0,
2026-03-23 08:00:00,10000.0,68427.2,
2026-03-23 09:00:00,10000.0,68232.2,
2026-03-23 10:00:00,10000.0,68517.6,
2026-03-23 11:00:00,10000.0,70076.2,
2026-03-23 12:00:00,10000.0,70610.1,
2026-03-23 13:00:00,10000.0,71378.6,
2026-03-23 14:00:00,10000.0,71409.7,
2026-03-23 15:00:00,10000.0,70182.1,
2026-03-23 16:00:00,10000.0,70534.4,
2026-03-23 17:00:00,10000.0,71069.9,
2026-03-23 18:00:00,10000.0,70980.7,
2026-03-23 19:00:00,10000.0,70680.7,
2026-03-23 20:00:00,10000.0,70900.0,
2026-03-23 21:00:00,10000.0,70877.5,
2026-03-23 22:00:00,10000.0,70744.8,
2026-03-23 23:00:00,10000.0,70879.4,
2026-03-24 00:00:00,10000.0,70656.7,
2026-03-24 01:00:00,10000.0,70512.5,
2026-03-24 02:00:00,10000.0,70429.2,
2026-03-24 03:00:00,10000.0,70514.0,
2026-03-24 04:00:00,10000.0,70357.1,
2026-03-24 05:00:00,10000.0,70247.2,
2026-03-24 06:00:00,10000.0,70476.2,
2026-03-24 07:00:00,10000.0,71076.1,
2026-03-24 08:00:00,10000.0,70919.0,
2026-03-24 09:00:00,10000.0,71175.4,
2026-03-24 10:00:00,10000.0,71176.9,
2026-03-24 11:00:00,10000.0,71106.9,
2026-03-24 12:00:00,10000.0,70913.2,
2026-03-24 13:00:00,10000.0,70003.4,
2026-03-24 14:00:00,10000.0,69833.3,
2026-03-24 15:00:00,10000.0,69846.5,
2026-03-24 16:00:00,10000.0,69434.4,
2026-03-24 17:00:00,10000.0,69153.3,
2026-03-24 18:00:00,10000.0,69438.3,
2026-03-24 19:00:00,10000.0,69316.1,
2026-03-24 20:00:00,10000.0,70033.9,
2026-03-24 21:00:00,10000.0,70279.8,
2026-03-24 22:00:00,10000.0,70330.5,
2026-03-24 23:00:00,10000.0,70523.9,
2026-03-25 00:00:00,10000.0,70853.3,
2026-03-25 01:00:00,10000.0,70694.7,LONG
2026-03-25 02:00:00,10000.0,70531.8,LONG
2026-03-25 03:00:00,10000.0,70740.1,LONG
2026-03-25 04:00:00,10000.0,70895.0,LONG
2026-03-25 05:00:00,10000.0,71080.1,LONG
2026-03-25 06:00:00,10000.0,71165.5,LONG
2026-03-25 07:00:00,10000.0,70888.0,LONG
2026-03-25 08:00:00,10000.0,71219.9,LONG
2026-03-25 09:00:00,10000.0,71261.0,LONG
2026-03-25 10:00:00,10000.0,71462.8,LONG
2026-03-25 11:00:00,10000.0,71650.2,LONG
2026-03-25 12:00:00,10000.0,71797.1,LONG
2026-03-25 13:00:00,10000.0,71604.6,LONG
2026-03-25 14:00:00,10000.0,71277.3,LONG
2026-03-25 15:00:00,10041.570500000002,70811.8,
2026-03-25 16:00:00,10041.570500000002,71290.0,
2026-03-25 17:00:00,10041.570500000002,70780.6,
2026-03-25 18:00:00,10041.570500000002,70786.8,
2026-03-25 19:00:00,10041.570500000002,70834.6,
2026-03-25 20:00:00,10041.570500000002,70986.1,
2026-03-25 21:00:00,10041.570500000002,71000.2,
2026-03-25 22:00:00,10041.570500000002,71323.3,
2026-03-25 23:00:00,10041.570500000002,71294.6,
2026-03-26 00:00:00,10041.570500000002,71222.8,
2026-03-26 01:00:00,10041.570500000002,71212.8,
2026-03-26 02:00:00,10041.570500000002,70858.3,
2026-03-26 03:00:00,10041.570500000002,70851.1,
2026-03-26 04:00:00,10041.570500000002,70750.1,
2026-03-26 05:00:00,10041.570500000002,69980.2,
2026-03-26 06:00:00,10041.570500000002,70070.5,
2026-03-26 07:00:00,10041.570500000002,70101.3,
2026-03-26 08:00:00,10041.570500000002,69990.0,
2026-03-26 09:00:00,10041.570500000002,69566.4,
2026-03-26 10:00:00,10041.570500000002,69459.8,
2026-03-26 11:00:00,10041.570500000002,69314.7,
2026-03-26 12:00:00,10041.570500000002,69409.8,
2026-03-26 13:00:00,10041.570500000002,69583.6,
2026-03-26 14:00:00,10041.570500000002,69455.2,
2026-03-26 15:00:00,10041.570500000002,69060.7,
2026-03-26 16:00:00,10041.570500000002,68934.9,
2026-03-26 17:00:00,10041.570500000002,68633.8,
2026-03-26 18:00:00,10041.570500000002,68412.1,
2026-03-26 19:00:00,10041.570500000002,68532.6,
2026-03-26 20:00:00,10041.570500000002,68982.0,
2026-03-26 21:00:00,10041.570500000002,68893.8,
2026-03-26 22:00:00,10041.570500000002,68844.4,
2026-03-26 23:00:00,10041.570500000002,68787.4,
2026-03-27 00:00:00,10041.570500000002,68738.9,
2026-03-27 01:00:00,10041.570500000002,68953.3,
2026-03-27 02:00:00,10041.570500000002,68907.1,
2026-03-27 03:00:00,10041.570500000002,68735.1,
2026-03-27 04:00:00,10041.570500000002,68552.6,
2026-03-27 05:00:00,10041.570500000002,68585.2,
2026-03-27 06:00:00,10041.570500000002,68658.5,
2026-03-27 07:00:00,10041.570500000002,68526.8,
2026-03-27 08:00:00,10041.570500000002,67902.4,
2026-03-27 09:00:00,10041.570500000002,67681.2,
2026-03-27 10:00:00,10041.570500000002,66477.3,
2026-03-27 11:00:00,10041.570500000002,66663.2,
2026-03-27 12:00:00,10041.570500000002,66570.7,
2026-03-27 13:00:00,10041.570500000002,66155.4,
2026-03-27 14:00:00,10041.570500000002,66046.1,
2026-03-27 15:00:00,10041.570500000002,66099.8,
2026-03-27 16:00:00,10041.570500000002,65947.8,
2026-03-27 17:00:00,10041.570500000002,65612.4,
2026-03-27 18:00:00,10041.570500000002,65846.2,
2026-03-27 19:00:00,10041.570500000002,65972.6,
2026-03-27 20:00:00,10041.570500000002,65972.5,
2026-03-27 21:00:00,10041.570500000002,66044.9,
2026-03-27 22:00:00,10041.570500000002,65991.2,
2026-03-27 23:00:00,10041.570500000002,66310.2,
2026-03-28 00:00:00,10041.570500000002,66395.1,
2026-03-28 01:00:00,10041.570500000002,66136.9,
2026-03-28 02:00:00,10041.570500000002,66023.3,
2026-03-28 03:00:00,10041.570500000002,66194.7,
2026-03-28 04:00:00,10041.570500000002,66243.6,
2026-03-28 05:00:00,10041.570500000002,66308.1,
2026-03-28 06:00:00,10041.570500000002,66358.4,
2026-03-28 07:00:00,10041.570500000002,66523.4,
2026-03-28 08:00:00,10041.570500000002,66362.3,
2026-03-28 09:00:00,10041.570500000002,66271.0,
2026-03-28 10:00:00,10041.570500000002,66167.1,
2026-03-28 11:00:00,10041.570500000002,66310.6,
2026-03-28 12:00:00,10041.570500000002,66408.7,
2026-03-28 13:00:00,10041.570500000002,66753.1,
2026-03-28 14:00:00,10041.570500000002,66718.3,
2026-03-28 15:00:00,10041.570500000002,66937.9,
2026-03-28 16:00:00,10041.570500000002,66870.6,
2026-03-28 17:00:00,10041.570500000002,66808.6,
2026-03-28 18:00:00,10041.570500000002,66899.8,
2026-03-28 19:00:00,10041.570500000002,66830.1,
2026-03-28 20:00:00,10041.570500000002,66908.5,
2026-03-28 21:00:00,10041.570500000002,66675.7,
2026-03-28 22:00:00,10041.570500000002,66725.4,
2026-03-28 23:00:00,10041.570500000002,66334.7,
2026-03-29 00:00:00,10041.570500000002,66436.0,SHORT
2026-03-29 01:00:00,10041.570500000002,66536.1,SHORT
2026-03-29 02:00:00,10041.570500000002,66733.9,SHORT
2026-03-29 03:00:00,10041.570500000002,66875.8,SHORT
2026-03-29 04:00:00,10041.570500000002,66700.7,SHORT
2026-03-29 05:00:00,10041.570500000002,66711.3,SHORT
2026-03-29 06:00:00,9936.7665,66711.8,
2026-03-29 07:00:00,9936.7665,66636.6,
2026-03-29 08:00:00,9936.7665,66687.4,
2026-03-29 09:00:00,9936.7665,66573.4,
2026-03-29 10:00:00,9936.7665,66482.1,
2026-03-29 11:00:00,9936.7665,66807.5,
2026-03-29 12:00:00,9936.7665,66820.0,
2026-03-29 13:00:00,9936.7665,66565.0,
2026-03-29 14:00:00,9936.7665,66546.1,SHORT
2026-03-29 15:00:00,9936.7665,66506.3,SHORT
2026-03-29 16:00:00,9936.7665,66467.9,SHORT
2026-03-29 17:00:00,9936.7665,66356.6,SHORT
2026-03-29 18:00:00,9936.7665,66403.0,SHORT
2026-03-29 19:00:00,9936.7665,66332.5,SHORT
2026-03-29 20:00:00,9936.7665,66552.6,SHORT
2026-03-29 21:00:00,9936.7665,66669.0,SHORT
2026-03-29 22:00:00,9936.7665,65820.1,SHORT
2026-03-29 23:00:00,9936.7665,65967.0,SHORT
2026-03-30 00:00:00,9936.7665,66199.9,SHORT
2026-03-30 01:00:00,9936.7665,66611.6,SHORT
2026-03-30 02:00:00,9936.7665,67059.4,SHORT
2026-03-30 03:00:00,9936.7665,67144.7,SHORT
2026-03-30 04:00:00,9560.754,67548.8,
2026-03-30 05:00:00,9560.754,67473.1,
2026-03-30 06:00:00,9560.754,67290.7,
2026-03-30 07:00:00,9560.754,67516.1,
2026-03-30 08:00:00,9560.754,67719.9,
2026-03-30 09:00:00,9560.754,67447.7,
2026-03-30 10:00:00,9560.754,67453.4,
2026-03-30 11:00:00,9560.754,67617.2,
2026-03-30 12:00:00,9560.754,67859.3,
2026-03-30 13:00:00,9560.754,67569.1,
2026-03-30 14:00:00,9560.754,67382.6,
2026-03-30 15:00:00,9560.754,67595.4,
2026-03-30 16:00:00,9560.754,67322.6,
2026-03-30 17:00:00,9560.754,66780.1,
2026-03-30 18:00:00,9560.754,66605.4,
2026-03-30 19:00:00,9560.754,66469.2,
2026-03-30 20:00:00,9560.754,66615.1,
2026-03-30 21:00:00,9560.754,66807.9,
2026-03-30 22:00:00,9560.754,66746.5,
2026-03-30 23:00:00,9560.754,66723.0,
2026-03-31 00:00:00,9560.754,67127.1,
2026-03-31 01:00:00,9560.754,67937.6,
2026-03-31 02:00:00,9560.754,67969.7,
2026-03-31 03:00:00,9560.754,67667.1,
2026-03-31 04:00:00,9560.754,67509.4,
2026-03-31 05:00:00,9560.754,67646.5,
2026-03-31 06:00:00,9560.754,67457.6,
2026-03-31 07:00:00,9560.754,67343.3,
2026-03-31 08:00:00,9560.754,66775.4,
2026-03-31 09:00:00,9560.754,66075.5,
2026-03-31 10:00:00,9560.754,66333.5,
2026-03-31 11:00:00,9560.754,66651.2,
2026-03-31 12:00:00,9560.754,66641.9,
2026-03-31 13:00:00,9560.754,67174.7,
2026-03-31 14:00:00,9560.754,66577.0,
2026-03-31 15:00:00,9560.754,66777.8,
2026-03-31 16:00:00,9560.754,67558.7,
2026-03-31 17:00:00,9560.754,67529.6,
2026-03-31 18:00:00,9560.754,67786.3,LONG
2026-03-31 19:00:00,9560.754,67818.8,LONG
2026-03-31 20:00:00,9560.754,68229.8,LONG
2026-03-31 21:00:00,9560.754,68237.4,LONG
2026-03-31 22:00:00,9560.754,68169.6,LONG
2026-03-31 23:00:00,9560.754,68237.6,LONG
2026-04-01 00:00:00,9560.754,68246.1,LONG
2026-04-01 01:00:00,9560.754,67794.0,LONG
2026-04-01 02:00:00,9560.754,67586.0,LONG
2026-04-01 03:00:00,9560.754,68089.6,LONG
2026-04-01 04:00:00,9560.754,68267.5,LONG
2026-04-01 05:00:00,9560.754,68420.6,LONG
2026-04-01 06:00:00,9560.754,69095.4,LONG
2026-04-01 07:00:00,9560.754,68659.4,LONG
2026-04-01 08:00:00,9560.754,68709.0,LONG
2026-04-01 09:00:00,9560.754,68623.4,LONG
2026-04-01 10:00:00,9560.754,68516.9,LONG
2026-04-01 11:00:00,9560.754,68619.0,LONG
2026-04-01 12:00:00,9765.766500000002,68363.8,
2026-04-01 13:00:00,9765.766500000002,68200.0,
2026-04-01 14:00:00,9765.766500000002,68570.8,
2026-04-01 15:00:00,9765.766500000002,68851.8,
2026-04-01 16:00:00,9765.766500000002,68800.8,
2026-04-01 17:00:00,9765.766500000002,68237.5,
2026-04-01 18:00:00,9765.766500000002,68006.2,
2026-04-01 19:00:00,9765.766500000002,68140.1,
2026-04-01 20:00:00,9765.766500000002,68192.1,
2026-04-01 21:00:00,9765.766500000002,68374.9,
2026-04-01 22:00:00,9765.766500000002,68110.2,
2026-04-01 23:00:00,9765.766500000002,68086.5,
2026-04-02 00:00:00,9765.766500000002,68564.5,
2026-04-02 01:00:00,9765.766500000002,67321.1,
2026-04-02 02:00:00,9765.766500000002,66860.1,
2026-04-02 03:00:00,9765.766500000002,66547.6,
2026-04-02 04:00:00,9765.766500000002,66307.2,
2026-04-02 05:00:00,9765.766500000002,66577.8,
2026-04-02 06:00:00,9765.766500000002,66640.8,
2026-04-02 07:00:00,9765.766500000002,66884.7,
2026-04-02 08:00:00,9765.766500000002,66459.5,
2026-04-02 09:00:00,9765.766500000002,66418.3,
2026-04-02 10:00:00,9765.766500000002,66425.1,
2026-04-02 11:00:00,9765.766500000002,66279.0,
2026-04-02 12:00:00,9765.766500000002,66054.2,
2026-04-02 13:00:00,9765.766500000002,66170.6,
2026-04-02 14:00:00,9765.766500000002,66847.0,
2026-04-02 15:00:00,9765.766500000002,66777.1,
2026-04-02 16:00:00,9765.766500000002,67072.4,
2026-04-02 17:00:00,9765.766500000002,66753.0,
2026-04-02 18:00:00,9765.766500000002,66958.2,
2026-04-02 19:00:00,9765.766500000002,66951.0,
2026-04-02 20:00:00,9765.766500000002,66909.8,
2026-04-02 21:00:00,9765.766500000002,66827.9,
2026-04-02 22:00:00,9765.766500000002,66998.3,
2026-04-02 23:00:00,9765.766500000002,66864.5,
2026-04-03 00:00:00,9765.766500000002,66704.4,
2026-04-03 01:00:00,9765.766500000002,66558.2,
2026-04-03 02:00:00,9765.766500000002,66454.3,
2026-04-03 03:00:00,9765.766500000002,66580.0,
2026-04-03 04:00:00,9765.766500000002,66599.7,
2026-04-03 05:00:00,9765.766500000002,66559.7,
2026-04-03 06:00:00,9765.766500000002,66731.3,
2026-04-03 07:00:00,9765.766500000002,66994.9,
2026-04-03 08:00:00,9765.766500000002,66948.2,
2026-04-03 09:00:00,9765.766500000002,66827.4,
2026-04-03 10:00:00,9765.766500000002,66815.7,
2026-04-03 11:00:00,9765.766500000002,66961.0,
2026-04-03 12:00:00,9765.766500000002,66725.5,
2026-04-03 13:00:00,9765.766500000002,66643.4,
2026-04-03 14:00:00,9765.766500000002,66873.2,
2026-04-03 15:00:00,9765.766500000002,66830.6,
2026-04-03 16:00:00,9765.766500000002,66975.8,
2026-04-03 17:00:00,9765.766500000002,66811.0,
2026-04-03 18:00:00,9765.766500000002,66793.4,
2026-04-03 19:00:00,9765.766500000002,66857.1,
2026-04-03 20:00:00,9765.766500000002,66812.0,
2026-04-03 21:00:00,9765.766500000002,66881.2,
2026-04-03 22:00:00,9765.766500000002,66878.4,
2026-04-03 23:00:00,9765.766500000002,66915.6,
2026-04-04 00:00:00,9765.766500000002,66875.8,
2026-04-04 01:00:00,9765.766500000002,66819.8,
2026-04-04 02:00:00,9765.766500000002,66812.0,
2026-04-04 03:00:00,9765.766500000002,66804.5,
2026-04-04 04:00:00,9765.766500000002,66821.0,
2026-04-04 05:00:00,9765.766500000002,66889.1,
2026-04-04 06:00:00,9765.766500000002,66978.3,
2026-04-04 07:00:00,9765.766500000002,66982.0,
2026-04-04 08:00:00,9765.766500000002,66903.9,
2026-04-04 09:00:00,9765.766500000002,66946.3,
2026-04-04 10:00:00,9765.766500000002,67029.9,
2026-04-04 11:00:00,9765.766500000002,67085.0,
2026-04-04 12:00:00,9765.766500000002,67079.0,
2026-04-04 13:00:00,9765.766500000002,67192.3,
2026-04-04 14:00:00,9765.766500000002,67111.2,
2026-04-04 15:00:00,9765.766500000002,67305.7,
2026-04-04 16:00:00,9765.766500000002,67378.3,
2026-04-04 17:00:00,9765.766500000002,67305.4,
2026-04-04 18:00:00,9765.766500000002,67289.5,
2026-04-04 19:00:00,9765.766500000002,67297.7,
2026-04-04 20:00:00,9765.766500000002,67235.7,
2026-04-04 21:00:00,9765.766500000002,67364.9,
2026-04-04 22:00:00,9765.766500000002,67350.8,
2026-04-04 23:00:00,9765.766500000002,67249.4,
2026-04-05 00:00:00,9765.766500000002,67152.2,
2026-04-05 01:00:00,9765.766500000002,67059.9,
2026-04-05 02:00:00,9765.766500000002,67119.1,
2026-04-05 03:00:00,9765.766500000002,67110.5,
2026-04-05 04:00:00,9765.766500000002,67066.5,
2026-04-05 05:00:00,9765.766500000002,66960.1,
2026-04-05 06:00:00,9765.766500000002,66801.2,
2026-04-05 07:00:00,9765.766500000002,66787.5,
2026-04-05 08:00:00,9765.766500000002,66876.3,
2026-04-05 09:00:00,9765.766500000002,66980.0,
2026-04-05 10:00:00,9765.766500000002,67019.9,
2026-04-05 11:00:00,9765.766500000002,66975.0,
2026-04-05 12:00:00,9765.766500000002,66760.0,
2026-04-05 13:00:00,9765.766500000002,66834.8,
2026-04-05 14:00:00,9765.766500000002,66910.8,
2026-04-05 15:00:00,9765.766500000002,67288.6,
2026-04-05 16:00:00,9765.766500000002,67170.4,
2026-04-05 17:00:00,9765.766500000002,67283.2,
2026-04-05 18:00:00,9765.766500000002,67398.2,LONG
2026-04-05 19:00:00,9765.766500000002,67298.9,LONG
2026-04-05 20:00:00,9765.766500000002,67610.0,LONG
2026-04-05 21:00:00,9765.766500000002,67570.8,LONG
2026-04-05 22:00:00,9765.766500000002,68297.9,LONG
2026-04-05 23:00:00,9765.766500000002,68971.0,LONG
2026-04-06 00:00:00,9765.766500000002,69086.6,LONG
2026-04-06 01:00:00,9765.766500000002,68810.3,LONG
2026-04-06 02:00:00,9765.766500000002,69185.0,LONG
2026-04-06 03:00:00,9765.766500000002,69077.9,LONG
2026-04-06 04:00:00,9765.766500000002,69122.2,LONG
2026-04-06 05:00:00,9765.766500000002,69170.5,LONG
2026-04-06 06:00:00,9765.766500000002,68951.2,LONG
2026-04-06 07:00:00,9765.766500000002,69068.9,LONG
2026-04-06 08:00:00,9765.766500000002,69215.2,LONG
2026-04-06 09:00:00,9765.766500000002,69705.0,LONG
2026-04-06 10:00:00,9765.766500000002,69730.6,LONG
2026-04-06 11:00:00,9765.766500000002,69547.3,LONG
2026-04-06 12:00:00,9765.766500000002,69336.0,LONG
2026-04-06 13:00:00,9765.766500000002,69346.5,LONG
2026-04-06 14:00:00,9765.766500000002,69613.8,LONG
2026-04-06 15:00:00,9765.766500000002,69789.2,LONG
2026-04-06 16:00:00,9765.766500000002,69813.8,LONG
2026-04-06 17:00:00,9765.766500000002,69533.9,LONG
2026-04-06 18:00:00,10642.294500000002,69833.0,
2026-04-06 19:00:00,10642.294500000002,69703.1,
2026-04-06 20:00:00,10642.294500000002,69794.5,
2026-04-06 21:00:00,10642.294500000002,69426.8,
2026-04-06 22:00:00,10642.294500000002,69125.0,
2026-04-06 23:00:00,10642.294500000002,68818.3,
2026-04-07 00:00:00,10642.294500000002,68814.4,
2026-04-07 01:00:00,10642.294500000002,68417.4,
2026-04-07 02:00:00,10642.294500000002,68654.9,
2026-04-07 03:00:00,10642.294500000002,68742.2,
2026-04-07 04:00:00,10642.294500000002,68834.1,
2026-04-07 05:00:00,10642.294500000002,68590.3,
2026-04-07 06:00:00,10642.294500000002,68540.9,
2026-04-07 07:00:00,10642.294500000002,68594.3,
2026-04-07 08:00:00,10642.294500000002,68907.0,
2026-04-07 09:00:00,10642.294500000002,69104.7,
2026-04-07 10:00:00,10642.294500000002,68217.4,
2026-04-07 11:00:00,10642.294500000002,68318.7,
2026-04-07 12:00:00,10642.294500000002,68370.5,
2026-04-07 13:00:00,10642.294500000002,68251.0,
2026-04-07 14:00:00,10642.294500000002,67846.1,
2026-04-07 15:00:00,10642.294500000002,68138.6,
2026-04-07 16:00:00,10642.294500000002,68213.4,
2026-04-07 17:00:00,10642.294500000002,68744.5,
2026-04-07 18:00:00,10642.294500000002,68361.7,
2026-04-07 19:00:00,10642.294500000002,68952.4,
2026-04-07 20:00:00,10642.294500000002,69274.7,
2026-04-07 21:00:00,10642.294500000002,69864.9,
2026-04-07 22:00:00,10642.294500000002,71244.6,
2026-04-07 23:00:00,10642.294500000002,71913.1,
2026-04-08 00:00:00,10642.294500000002,71616.4,
2026-04-08 01:00:00,10642.294500000002,71458.7,
2026-04-08 02:00:00,10642.294500000002,71300.2,
2026-04-08 03:00:00,10642.294500000002,71266.5,
2026-04-08 04:00:00,10642.294500000002,71556.0,
2026-04-08 05:00:00,10642.294500000002,71716.6,
2026-04-08 06:00:00,10642.294500000002,71716.8,
2026-04-08 07:00:00,10642.294500000002,71590.7,
2026-04-08 08:00:00,10642.294500000002,71715.6,
2026-04-08 09:00:00,10642.294500000002,71665.8,
2026-04-08 10:00:00,10642.294500000002,71499.1,
2026-04-08 11:00:00,10642.294500000002,71507.2,
2026-04-08 12:00:00,10642.294500000002,71947.3,
2026-04-08 13:00:00,10642.294500000002,71573.2,
2026-04-08 14:00:00,10642.294500000002,70839.7,
2026-04-08 15:00:00,10642.294500000002,71268.1,
2026-04-08 16:00:00,10642.294500000002,71472.0,
2026-04-08 17:00:00,10642.294500000002,71821.3,
2026-04-08 18:00:00,10642.294500000002,71196.1,
2026-04-08 19:00:00,10642.294500000002,71243.2,
2026-04-08 20:00:00,10642.294500000002,71299.9,
2026-04-08 21:00:00,10642.294500000002,71501.9,
2026-04-08 22:00:00,10642.294500000002,71081.1,
2026-04-08 23:00:00,10642.294500000002,71113.5,
2026-04-09 00:00:00,10642.294500000002,70796.9,
2026-04-09 01:00:00,10642.294500000002,70883.6,
2026-04-09 02:00:00,10642.294500000002,71035.1,
2026-04-09 03:00:00,10642.294500000002,70975.4,
2026-04-09 04:00:00,10642.294500000002,70747.7,
2026-04-09 05:00:00,10642.294500000002,70934.2,
2026-04-09 06:00:00,10642.294500000002,70959.9,
2026-04-09 07:00:00,10642.294500000002,70946.7,
2026-04-09 08:00:00,10642.294500000002,71214.7,
2026-04-09 09:00:00,10642.294500000002,71482.0,
2026-04-09 10:00:00,10642.294500000002,71315.1,
2026-04-09 11:00:00,10642.294500000002,71132.7,
2026-04-09 12:00:00,10642.294500000002,71198.8,
2026-04-09 13:00:00,10642.294500000002,70736.1,
2026-04-09 14:00:00,10642.294500000002,71079.8,
2026-04-09 15:00:00,10642.294500000002,72106.6,
2026-04-09 16:00:00,10642.294500000002,71974.0,
2026-04-09 17:00:00,10642.294500000002,72294.6,
2026-04-09 18:00:00,10642.294500000002,71848.7,
2026-04-09 19:00:00,10642.294500000002,72065.3,
2026-04-09 20:00:00,10642.294500000002,72338.0,
2026-04-09 21:00:00,10642.294500000002,72237.0,
2026-04-09 22:00:00,10642.294500000002,72075.9,
2026-04-09 23:00:00,10642.294500000002,71736.4,
2026-04-10 00:00:00,10642.294500000002,71974.5,
2026-04-10 01:00:00,10642.294500000002,72148.8,
2026-04-10 02:00:00,10642.294500000002,71940.7,
2026-04-10 03:00:00,10642.294500000002,71837.3,
2026-04-10 04:00:00,10642.294500000002,71864.6,
2026-04-10 05:00:00,10642.294500000002,72086.6,
2026-04-10 06:00:00,10642.294500000002,71791.3,
2026-04-10 07:00:00,10642.294500000002,71461.1,
2026-04-10 08:00:00,10642.294500000002,71540.1,
2026-04-10 09:00:00,10642.294500000002,71756.9,
2026-04-10 10:00:00,10642.294500000002,71861.1,
2026-04-10 11:00:00,10642.294500000002,72112.7,
2026-04-10 12:00:00,10642.294500000002,72225.5,
2026-04-10 13:00:00,10642.294500000002,72278.5,
2026-04-10 14:00:00,10642.294500000002,72771.7,
2026-04-10 15:00:00,10642.294500000002,72478.6,
2026-04-10 16:00:00,10642.294500000002,72898.1,
2026-04-10 17:00:00,10642.294500000002,73066.9,
2026-04-10 18:00:00,10642.294500000002,73007.9,
2026-04-10 19:00:00,10642.294500000002,73209.2,
2026-04-10 20:00:00,10642.294500000002,73310.4,
2026-04-10 21:00:00,10642.294500000002,73124.1,
2026-04-10 22:00:00,10642.294500000002,72828.0,
2026-04-10 23:00:00,10642.294500000002,72906.5,
2026-04-11 00:00:00,10642.294500000002,72792.4,
2026-04-11 01:00:00,10642.294500000002,72901.8,
2026-04-11 02:00:00,10642.294500000002,72917.9,
2026-04-11 03:00:00,10642.294500000002,72889.9,
2026-04-11 04:00:00,10642.294500000002,72764.9,
2026-04-11 05:00:00,10642.294500000002,72677.4,
2026-04-11 06:00:00,10642.294500000002,72689.0,
2026-04-11 07:00:00,10642.294500000002,72672.9,
2026-04-11 08:00:00,10642.294500000002,72627.4,
2026-04-11 09:00:00,10642.294500000002,72868.5,
2026-04-11 10:00:00,10642.294500000002,72796.2,
2026-04-11 11:00:00,10642.294500000002,72839.6,
2026-04-11 12:00:00,10642.294500000002,72903.3,
2026-04-11 13:00:00,10642.294500000002,72653.8,
2026-04-11 14:00:00,10642.294500000002,72679.5,
2026-04-11 15:00:00,10642.294500000002,72790.6,
2026-04-11 16:00:00,10642.294500000002,73029.8,
2026-04-11 17:00:00,10642.294500000002,73036.0,
2026-04-11 18:00:00,10642.294500000002,73479.7,
2026-04-11 19:00:00,10642.294500000002,73595.4,
2026-04-11 20:00:00,10642.294500000002,73270.5,
2026-04-11 21:00:00,10642.294500000002,73426.0,
2026-04-11 22:00:00,10642.294500000002,73333.4,
2026-04-11 23:00:00,10642.294500000002,73013.5,
2026-04-12 00:00:00,10642.294500000002,73015.9,
2026-04-12 01:00:00,10642.294500000002,72600.0,
2026-04-12 02:00:00,10642.294500000002,71745.1,
2026-04-12 03:00:00,10642.294500000002,71622.3,
2026-04-12 04:00:00,10642.294500000002,71449.4,
2026-04-12 05:00:00,10642.294500000002,71673.6,
2026-04-12 06:00:00,10642.294500000002,71629.2,
2026-04-12 07:00:00,10642.294500000002,71663.3,
2026-04-12 08:00:00,10642.294500000002,71578.7,
2026-04-12 09:00:00,10642.294500000002,71499.5,
2026-04-12 10:00:00,10642.294500000002,71404.3,
2026-04-12 11:00:00,10642.294500000002,71446.0,
2026-04-12 12:00:00,10642.294500000002,71130.8,
2026-04-12 13:00:00,10642.294500000002,70861.5,
2026-04-12 14:00:00,10642.294500000002,70725.6,
2026-04-12 15:00:00,10642.294500000002,70856.3,
2026-04-12 16:00:00,10642.294500000002,70854.1,
2026-04-12 17:00:00,10642.294500000002,71061.5,
2026-04-12 18:00:00,10642.294500000002,71069.8,
2026-04-12 19:00:00,10642.294500000002,71082.8,
2026-04-12 20:00:00,10642.294500000002,71302.2,
2026-04-12 21:00:00,10642.294500000002,71193.3,
2026-04-12 22:00:00,10642.294500000002,70872.0,
2026-04-12 23:00:00,10642.294500000002,70709.3,
2026-04-13 00:00:00,10642.294500000002,71128.2,
2026-04-13 01:00:00,10642.294500000002,71147.1,
2026-04-13 02:00:00,10642.294500000002,71043.9,
2026-04-13 03:00:00,10642.294500000002,70962.6,
2026-04-13 04:00:00,10642.294500000002,70881.4,
2026-04-13 05:00:00,10642.294500000002,70804.8,
2026-04-13 06:00:00,10642.294500000002,71029.4,
2026-04-13 07:00:00,10642.294500000002,70780.0,
2026-04-13 08:00:00,10642.294500000002,70706.7,
2026-04-13 09:00:00,10642.294500000002,70758.4,
2026-04-13 10:00:00,10642.294500000002,70705.8,
2026-04-13 11:00:00,10642.294500000002,70892.8,
2026-04-13 12:00:00,10642.294500000002,71042.9,
2026-04-13 13:00:00,10642.294500000002,71438.9,
2026-04-13 14:00:00,10642.294500000002,72090.2,
2026-04-13 15:00:00,10642.294500000002,71818.5,
2026-04-13 16:00:00,10642.294500000002,72148.1,LONG
2026-04-13 17:00:00,10642.294500000002,72103.7,LONG
2026-04-13 18:00:00,10642.294500000002,72404.8,LONG
2026-04-13 19:00:00,10642.294500000002,73300.0,LONG
2026-04-13 20:00:00,10642.294500000002,73091.1,LONG
2026-04-13 21:00:00,10642.294500000002,73160.2,LONG
2026-04-13 22:00:00,10642.294500000002,74478.3,LONG
2026-04-13 23:00:00,10642.294500000002,74443.3,LONG
2026-04-14 00:00:00,10642.294500000002,74122.1,LONG
2026-04-14 01:00:00,10642.294500000002,74300.0,LONG
2026-04-14 02:00:00,10642.294500000002,74294.4,LONG
2026-04-14 03:00:00,10642.294500000002,74408.8,LONG
2026-04-14 04:00:00,10642.294500000002,74350.4,LONG
2026-04-14 05:00:00,10642.294500000002,74184.0,LONG
2026-04-14 06:00:00,10642.294500000002,74493.6,LONG
2026-04-14 07:00:00,10642.294500000002,74506.7,LONG
2026-04-14 08:00:00,10642.294500000002,74713.0,LONG
2026-04-14 09:00:00,10642.294500000002,74470.6,LONG
2026-04-14 10:00:00,10642.294500000002,74360.1,LONG
2026-04-14 11:00:00,10642.294500000002,74339.8,LONG
2026-04-14 12:00:00,10642.294500000002,74381.6,LONG
2026-04-14 13:00:00,11829.9575,75358.0,
2026-04-14 14:00:00,11829.9575,75101.4,
2026-04-14 15:00:00,11829.9575,75288.5,
2026-04-14 16:00:00,11829.9575,74635.3,
2026-04-14 17:00:00,11829.9575,74692.3,
2026-04-14 18:00:00,11829.9575,74066.5,
2026-04-14 19:00:00,11829.9575,74180.1,
2026-04-14 20:00:00,11829.9575,74083.4,
2026-04-14 21:00:00,11829.9575,74120.0,
2026-04-14 22:00:00,11829.9575,74035.3,
2026-04-14 23:00:00,11829.9575,74132.4,
2026-04-15 00:00:00,11829.9575,74522.2,
2026-04-15 01:00:00,11829.9575,74569.3,
2026-04-15 02:00:00,11829.9575,74280.6,
2026-04-15 03:00:00,11829.9575,74296.8,
2026-04-15 04:00:00,11829.9575,74276.5,
2026-04-15 05:00:00,11829.9575,73993.9,
2026-04-15 06:00:00,11829.9575,73840.4,
2026-04-15 07:00:00,11829.9575,73705.1,
2026-04-15 08:00:00,11829.9575,74079.9,
2026-04-15 09:00:00,11829.9575,73964.4,
2026-04-15 10:00:00,11829.9575,73866.1,
2026-04-15 11:00:00,11829.9575,74155.1,
2026-04-15 12:00:00,11829.9575,74266.7,
2026-04-15 13:00:00,11829.9575,74030.5,
2026-04-15 14:00:00,11829.9575,74111.3,
2026-04-15 15:00:00,11829.9575,73776.4,
2026-04-15 16:00:00,11829.9575,73893.9,
2026-04-15 17:00:00,11829.9575,74074.8,
2026-04-15 18:00:00,11829.9575,74337.3,
2026-04-15 19:00:00,11829.9575,74985.0,
2026-04-15 20:00:00,11829.9575,74819.6,
2026-04-15 21:00:00,11829.9575,74702.9,
2026-04-15 22:00:00,11829.9575,74996.9,
2026-04-15 23:00:00,11829.9575,74726.5,
2026-04-16 00:00:00,11829.9575,74772.0,
2026-04-16 01:00:00,11829.9575,74574.0,
2026-04-16 02:00:00,11829.9575,74902.2,
2026-04-16 03:00:00,11829.9575,74863.4,
2026-04-16 04:00:00,11829.9575,74906.8,
2026-04-16 05:00:00,11829.9575,74991.1,
2026-04-16 06:00:00,11829.9575,74927.2,
2026-04-16 07:00:00,11829.9575,74658.3,
2026-04-16 08:00:00,11829.9575,74634.2,
2026-04-16 09:00:00,11829.9575,74611.9,
2026-04-16 10:00:00,11829.9575,74267.7,
2026-04-16 11:00:00,11829.9575,74453.1,
2026-04-16 12:00:00,11829.9575,74576.3,
2026-04-16 13:00:00,11829.9575,74180.8,
2026-04-16 14:00:00,11829.9575,73944.5,
2026-04-16 15:00:00,11829.9575,74628.4,
2026-04-16 16:00:00,11829.9575,74173.8,
2026-04-16 17:00:00,11829.9575,74216.8,
2026-04-16 18:00:00,11829.9575,74941.9,
2026-04-16 19:00:00,11829.9575,75346.1,LONG
2026-04-16 20:00:00,11829.9575,75188.9,LONG
2026-04-16 21:00:00,11829.9575,74894.0,LONG
2026-04-16 22:00:00,11829.9575,74861.9,LONG
2026-04-16 23:00:00,11829.9575,75097.1,LONG
2026-04-17 00:00:00,11829.9575,74907.9,LONG
2026-04-17 01:00:00,11829.9575,74720.2,LONG
2026-04-17 02:00:00,11829.9575,74663.3,LONG
2026-04-17 03:00:00,11829.9575,74642.8,LONG
2026-04-17 04:00:00,11829.9575,74748.3,LONG
2026-04-17 05:00:00,11829.9575,74611.9,LONG
2026-04-17 06:00:00,11829.9575,74857.5,LONG
2026-04-17 07:00:00,11829.9575,74995.7,LONG
2026-04-17 08:00:00,11829.9575,75703.5,LONG
2026-04-17 09:00:00,11829.9575,75743.1,LONG
2026-04-17 10:00:00,11829.9575,75246.0,LONG
2026-04-17 11:00:00,11829.9575,75545.8,LONG
2026-04-17 12:00:00,11829.9575,76101.7,LONG
2026-04-17 13:00:00,11829.9575,77254.7,LONG
2026-04-17 14:00:00,11829.9575,77872.3,LONG
2026-04-17 15:00:00,11829.9575,77726.4,LONG
2026-04-17 16:00:00,11829.9575,77817.8,LONG
2026-04-17 17:00:00,11829.9575,77483.6,LONG
2026-04-17 18:00:00,11829.9575,77097.8,LONG
2026-04-17 19:00:00,11829.9575,77366.8,LONG
2026-04-17 20:00:00,11829.9575,77295.7,LONG
2026-04-17 21:00:00,11829.9575,77420.1,LONG
2026-04-17 22:00:00,11829.9575,77250.8,LONG
2026-04-17 23:00:00,12517.85,77087.6,
2026-04-18 00:00:00,12517.85,77112.7,
2026-04-18 01:00:00,12517.85,77141.0,
2026-04-18 02:00:00,12517.85,77268.3,
2026-04-18 03:00:00,12517.85,77075.5,
2026-04-18 04:00:00,12517.85,77064.0,
2026-04-18 05:00:00,12517.85,77083.8,
2026-04-18 06:00:00,12517.85,77080.4,
2026-04-18 07:00:00,12517.85,76946.2,
2026-04-18 08:00:00,12517.85,76699.3,
2026-04-18 09:00:00,12517.85,76560.1,
2026-04-18 10:00:00,12517.85,76139.6,
2026-04-18 11:00:00,12517.85,75895.6,
2026-04-18 12:00:00,12517.85,76168.8,
2026-04-18 13:00:00,12517.85,76079.0,
2026-04-18 14:00:00,12517.85,76211.2,
2026-04-18 15:00:00,12517.85,76139.3,
2026-04-18 16:00:00,12517.85,75830.2,
2026-04-18 17:00:00,12517.85,75840.9,
2026-04-18 18:00:00,12517.85,75611.9,
2026-04-18 19:00:00,12517.85,75613.3,
2026-04-18 20:00:00,12517.85,75748.2,
2026-04-18 21:00:00,12517.85,75763.4,
2026-04-18 22:00:00,12517.85,75773.4,
2026-04-18 23:00:00,12517.85,75725.3,
2026-04-19 00:00:00,12517.85,75591.8,
2026-04-19 01:00:00,12517.85,75591.1,
2026-04-19 02:00:00,12517.85,75482.7,
2026-04-19 03:00:00,12517.85,75479.3,
2026-04-19 04:00:00,12517.85,75623.7,
2026-04-19 05:00:00,12517.85,75515.6,
2026-04-19 06:00:00,12517.85,75351.3,
2026-04-19 07:00:00,12517.85,75205.6,
2026-04-19 08:00:00,12517.85,75211.9,
2026-04-19 09:00:00,12517.85,74937.1,
2026-04-19 10:00:00,12517.85,75140.2,
2026-04-19 11:00:00,12517.85,75558.4,
2026-04-19 12:00:00,12517.85,75515.9,
2026-04-19 13:00:00,12517.85,75857.5,
2026-04-19 14:00:00,12517.85,75971.3,
2026-04-19 15:00:00,12517.85,75757.0,
2026-04-19 16:00:00,12517.85,75428.4,
2026-04-19 17:00:00,12517.85,74904.6,
2026-04-19 18:00:00,12517.85,74732.4,
2026-04-19 19:00:00,12517.85,74945.9,
2026-04-19 20:00:00,12517.85,74591.7,
2026-04-19 21:00:00,12517.85,74401.9,
2026-04-19 22:00:00,12517.85,74077.9,
2026-04-19 23:00:00,12517.85,73802.2,
2026-04-20 00:00:00,12517.85,74240.9,
2026-04-20 01:00:00,12517.85,74551.2,
2026-04-20 02:00:00,12517.85,74433.3,
2026-04-20 03:00:00,12517.85,74592.1,
2026-04-20 04:00:00,12517.85,74523.7,
2026-04-20 05:00:00,12517.85,74226.5,
2026-04-20 06:00:00,12517.85,74723.5,
2026-04-20 07:00:00,12517.85,74730.1,
2026-04-20 08:00:00,12517.85,74691.2,
2026-04-20 09:00:00,12517.85,75030.0,
2026-04-20 10:00:00,12517.85,75052.8,
2026-04-20 11:00:00,12517.85,75152.9,
2026-04-20 12:00:00,12517.85,75245.1,
2026-04-20 13:00:00,12517.85,75239.9,
2026-04-20 14:00:00,12517.85,75028.5,
2026-04-20 15:00:00,12517.85,75640.5,
2026-04-20 16:00:00,12517.85,75300.0,
2026-04-20 17:00:00,12517.85,75873.3,
2026-04-20 18:00:00,12517.85,76250.4,
2026-04-20 19:00:00,12517.85,76256.9,
2026-04-20 20:00:00,12517.85,76229.9,
2026-04-20 21:00:00,12517.85,75879.6,
2026-04-20 22:00:00,12517.85,75927.7,
2026-04-20 23:00:00,12517.85,75805.0,
2026-04-21 00:00:00,12517.85,75985.0,
2026-04-21 01:00:00,12517.85,75887.1,
2026-04-21 02:00:00,12517.85,75599.9,
2026-04-21 03:00:00,12517.85,75656.2,
2026-04-21 04:00:00,12517.85,75673.8,
2026-04-21 05:00:00,12517.85,75682.4,
2026-04-21 06:00:00,12517.85,75682.5,
2026-04-21 07:00:00,12517.85,76050.1,
2026-04-21 08:00:00,12517.85,76476.2,
2026-04-21 09:00:00,12517.85,76312.5,
2026-04-21 10:00:00,12517.85,76569.3,
2026-04-21 11:00:00,12517.85,76435.3,
2026-04-21 12:00:00,12517.85,75944.3,
2026-04-21 13:00:00,12517.85,75859.8,
2026-04-21 14:00:00,12517.85,75741.2,
2026-04-21 15:00:00,12517.85,75784.7,
2026-04-21 16:00:00,12517.85,75823.3,
2026-04-21 17:00:00,12517.85,75610.0,
2026-04-21 18:00:00,12517.85,75552.7,
2026-04-21 19:00:00,12517.85,74977.5,
2026-04-21 20:00:00,12517.85,75705.4,
2026-04-21 21:00:00,12517.85,75507.1,
2026-04-21 22:00:00,12517.85,75563.0,
2026-04-21 23:00:00,12517.85,76283.9,
2026-04-22 00:00:00,12517.85,76268.2,LONG
2026-04-22 01:00:00,12517.85,76302.7,LONG
2026-04-22 02:00:00,12517.85,77460.0,LONG
2026-04-22 03:00:00,12517.85,77527.4,LONG
2026-04-22 04:00:00,12517.85,77475.4,LONG
2026-04-22 05:00:00,12517.85,77972.2,LONG
2026-04-22 06:00:00,12517.85,77923.9,LONG
2026-04-22 07:00:00,12517.85,77959.5,LONG
2026-04-22 08:00:00,12517.85,78007.3,LONG
2026-04-22 09:00:00,12517.85,77980.8,LONG
2026-04-22 10:00:00,12517.85,78073.7,LONG
2026-04-22 11:00:00,12517.85,78243.0,LONG
2026-04-22 12:00:00,12517.85,78204.5,LONG
2026-04-22 13:00:00,12517.85,78778.5,LONG
2026-04-22 14:00:00,12517.85,78920.3,LONG
2026-04-22 15:00:00,13750.638,79275.0,
2026-04-22 16:00:00,13750.638,78854.9,
2026-04-22 17:00:00,13750.638,78869.8,
2026-04-22 18:00:00,13750.638,78987.4,
2026-04-22 19:00:00,13750.638,78800.9,
2026-04-22 20:00:00,13750.638,78385.5,
2026-04-22 21:00:00,13750.638,78744.8,
2026-04-22 22:00:00,13750.638,78520.0,
2026-04-22 23:00:00,13750.638,78156.8,
2026-04-23 00:00:00,13750.638,78384.7,
2026-04-23 01:00:00,13750.638,78293.2,
2026-04-23 02:00:00,13750.638,77910.2,
2026-04-23 03:00:00,13750.638,77661.4,
2026-04-23 04:00:00,13750.638,77850.0,
2026-04-23 05:00:00,13750.638,77954.7,
2026-04-23 06:00:00,13750.638,78185.0,
2026-04-23 07:00:00,13750.638,77974.3,
2026-04-23 08:00:00,13750.638,77823.3,
2026-04-23 09:00:00,13750.638,77583.0,
2026-04-23 10:00:00,13750.638,77364.1,
2026-04-23 11:00:00,13750.638,77673.7,
2026-04-23 12:00:00,13750.638,77777.7,
2026-04-23 13:00:00,13750.638,77476.0,
2026-04-23 14:00:00,13750.638,78121.4,
2026-04-23 15:00:00,13750.638,78345.6,
2026-04-23 16:00:00,13750.638,78244.7,LONG
2026-04-23 17:00:00,13750.638,77642.1,LONG
2026-04-23 18:00:00,13750.638,77886.1,LONG
2026-04-23 19:00:00,13750.638,77735.0,LONG
2026-04-23 20:00:00,13573.142000000003,77841.3,
2026-04-23 21:00:00,13573.142000000003,77889.1,
2026-04-23 22:00:00,13573.142000000003,78189.9,
2026-04-23 23:00:00,13573.142000000003,78219.6,LONG
2026-04-24 00:00:00,13573.142000000003,78332.9,LONG
2026-04-24 01:00:00,13573.142000000003,78021.4,LONG
2026-04-24 02:00:00,13573.142000000003,78009.9,LONG
2026-04-24 03:00:00,13573.142000000003,77580.5,LONG
2026-04-24 04:00:00,13573.142000000003,77648.4,LONG
2026-04-24 05:00:00,13447.122499999998,77929.9,
2026-04-24 06:00:00,13447.122499999998,77857.9,
2026-04-24 07:00:00,13447.122499999998,77664.8,
2026-04-24 08:00:00,13447.122499999998,77739.1,
2026-04-24 09:00:00,13447.122499999998,77503.3,
2026-04-24 10:00:00,13447.122499999998,77681.6,
2026-04-24 11:00:00,13447.122499999998,78209.5,
2026-04-24 12:00:00,13447.122499999998,78234.4,
2026-04-24 13:00:00,13447.122499999998,78236.0,
2026-04-24 14:00:00,13447.122499999998,77855.0,
2026-04-24 15:00:00,13447.122499999998,77860.5,
2026-04-24 16:00:00,13447.122499999998,77780.0,
2026-04-24 17:00:00,13447.122499999998,77624.3,
2026-04-24 18:00:00,13447.122499999998,77568.9,
2026-04-24 19:00:00,13447.122499999998,77583.1,
2026-04-24 20:00:00,13447.122499999998,77627.3,
2026-04-24 21:00:00,13447.122499999998,77538.2,
2026-04-24 22:00:00,13447.122499999998,77295.4,
2026-04-24 23:00:00,13447.122499999998,77367.4,
2026-04-25 00:00:00,13447.122499999998,77294.5,
2026-04-25 01:00:00,13447.122499999998,77518.0,
2026-04-25 02:00:00,13447.122499999998,77576.4,
2026-04-25 03:00:00,13447.122499999998,77623.1,
2026-04-25 04:00:00,13447.122499999998,77579.3,
2026-04-25 05:00:00,13447.122499999998,77475.1,
2026-04-25 06:00:00,13447.122499999998,77448.9,
2026-04-25 07:00:00,13447.122499999998,77496.2,
2026-04-25 08:00:00,13447.122499999998,77578.9,
2026-04-25 09:00:00,13447.122499999998,77670.2,
2026-04-25 10:00:00,13447.122499999998,77776.9,
2026-04-25 11:00:00,13447.122499999998,77619.8,
2026-04-25 12:00:00,13447.122499999998,77538.8,
2026-04-25 13:00:00,13447.122499999998,77598.9,
2026-04-25 14:00:00,13447.122499999998,77666.7,
2026-04-25 15:00:00,13447.122499999998,77448.1,
2026-04-25 16:00:00,13447.122499999998,77230.6,
2026-04-25 17:00:00,13447.122499999998,77230.2,
2026-04-25 18:00:00,13447.122499999998,77268.8,
2026-04-25 19:00:00,13447.122499999998,77284.1,
2026-04-25 20:00:00,13447.122499999998,77374.1,
2026-04-25 21:00:00,13447.122499999998,77429.7,
2026-04-25 22:00:00,13447.122499999998,77520.3,
2026-04-25 23:00:00,13447.122499999998,77544.9,
2026-04-26 00:00:00,13447.122499999998,77548.2,
2026-04-26 01:00:00,13447.122499999998,77460.8,
2026-04-26 02:00:00,13447.122499999998,77480.1,
2026-04-26 03:00:00,13447.122499999998,77369.3,
2026-04-26 04:00:00,13447.122499999998,77610.6,
2026-04-26 05:00:00,13447.122499999998,77997.9,
2026-04-26 06:00:00,13447.122499999998,77934.2,
2026-04-26 07:00:00,13447.122499999998,77928.8,
2026-04-26 08:00:00,13447.122499999998,78000.0,
2026-04-26 09:00:00,13447.122499999998,77909.0,
2026-04-26 10:00:00,13447.122499999998,77950.0,
2026-04-26 11:00:00,13447.122499999998,78063.0,
2026-04-26 12:00:00,13447.122499999998,77811.5,
2026-04-26 13:00:00,13447.122499999998,77903.1,
2026-04-26 14:00:00,13447.122499999998,78059.2,
2026-04-26 15:00:00,13447.122499999998,78002.6,
2026-04-26 16:00:00,13447.122499999998,77930.9,
2026-04-26 17:00:00,13447.122499999998,77989.6,
2026-04-26 18:00:00,13447.122499999998,78187.8,
2026-04-26 19:00:00,13447.122499999998,78161.8,
2026-04-26 20:00:00,13447.122499999998,78161.5,
2026-04-26 21:00:00,13447.122499999998,78125.6,
2026-04-26 22:00:00,13447.122499999998,78164.9,
2026-04-26 23:00:00,13447.122499999998,78300.1,
2026-04-27 00:00:00,13447.122499999998,79204.5,
2026-04-27 01:00:00,13447.122499999998,79178.0,
2026-04-27 02:00:00,13447.122499999998,79110.4,
2026-04-27 03:00:00,13447.122499999998,79121.0,
2026-04-27 04:00:00,13447.122499999998,79014.4,
2026-04-27 05:00:00,13447.122499999998,77701.8,
2026-04-27 06:00:00,13447.122499999998,77555.1,
2026-04-27 07:00:00,13447.122499999998,77669.1,
2026-04-27 08:00:00,13447.122499999998,77766.6,
2026-04-27 09:00:00,13447.122499999998,77905.9,
2026-04-27 10:00:00,13447.122499999998,77808.4,
2026-04-27 11:00:00,13447.122499999998,77807.6,
2026-04-27 12:00:00,13447.122499999998,77610.2,
2026-04-27 13:00:00,13447.122499999998,77659.6,
2026-04-27 14:00:00,13447.122499999998,77827.7,
2026-04-27 15:00:00,13447.122499999998,76766.3,
2026-04-27 16:00:00,13447.122499999998,76588.0,
2026-04-27 17:00:00,13447.122499999998,76712.7,
2026-04-27 18:00:00,13447.122499999998,76791.0,
2026-04-27 19:00:00,13447.122499999998,76810.9,
2026-04-27 20:00:00,13447.122499999998,76921.2,
2026-04-27 21:00:00,13447.122499999998,76794.7,
2026-04-27 22:00:00,13447.122499999998,77016.7,
2026-04-27 23:00:00,13447.122499999998,77331.1,
2026-04-28 00:00:00,13447.122499999998,77342.2,
2026-04-28 01:00:00,13447.122499999998,77066.0,
2026-04-28 02:00:00,13447.122499999998,76809.8,
2026-04-28 03:00:00,13447.122499999998,76792.7,
2026-04-28 04:00:00,13447.122499999998,76866.4,
2026-04-28 05:00:00,13447.122499999998,76905.7,
2026-04-28 06:00:00,13447.122499999998,76662.9,
2026-04-28 07:00:00,13447.122499999998,76829.5,
2026-04-28 08:00:00,13447.122499999998,76817.2,
2026-04-28 09:00:00,13447.122499999998,76561.8,
2026-04-28 10:00:00,13447.122499999998,76557.2,
2026-04-28 11:00:00,13447.122499999998,76172.6,
2026-04-28 12:00:00,13447.122499999998,76327.6,
2026-04-28 13:00:00,13447.122499999998,76163.0,
2026-04-28 14:00:00,13447.122499999998,75835.6,
2026-04-28 15:00:00,13447.122499999998,76022.5,
2026-04-28 16:00:00,13447.122499999998,75988.6,
2026-04-28 17:00:00,13447.122499999998,76154.2,
2026-04-28 18:00:00,13447.122499999998,76199.9,
2026-04-28 19:00:00,13447.122499999998,76306.2,
2026-04-28 20:00:00,13447.122499999998,76428.5,
2026-04-28 21:00:00,13447.122499999998,76353.7,
2026-04-28 22:00:00,13447.122499999998,76206.2,
2026-04-28 23:00:00,13447.122499999998,76278.7,
2026-04-29 00:00:00,13447.122499999998,76416.4,
2026-04-29 01:00:00,13447.122499999998,76517.1,
2026-04-29 02:00:00,13447.122499999998,76467.1,
2026-04-29 03:00:00,13447.122499999998,76946.9,
2026-04-29 04:00:00,13447.122499999998,77230.0,
2026-04-29 05:00:00,13447.122499999998,77254.7,
2026-04-29 06:00:00,13447.122499999998,76987.0,
2026-04-29 07:00:00,13447.122499999998,76999.2,
2026-04-29 08:00:00,13447.122499999998,76998.7,
2026-04-29 09:00:00,13447.122499999998,77598.8,
2026-04-29 10:00:00,13447.122499999998,77648.3,
2026-04-29 11:00:00,13447.122499999998,77568.1,
2026-04-29 12:00:00,13447.122499999998,77191.6,
2026-04-29 13:00:00,13447.122499999998,77624.8,
2026-04-29 14:00:00,13447.122499999998,77188.0,
2026-04-29 15:00:00,13447.122499999998,77360.0,
2026-04-29 16:00:00,13447.122499999998,75788.7,
2026-04-29 17:00:00,13447.122499999998,76078.0,
2026-04-29 18:00:00,13447.122499999998,75439.1,SHORT
2026-04-29 19:00:00,13447.122499999998,75482.9,SHORT
2026-04-29 20:00:00,13447.122499999998,75680.3,SHORT
2026-04-29 21:00:00,13447.122499999998,75902.5,SHORT
2026-04-29 22:00:00,13447.122499999998,75900.8,SHORT
2026-04-29 23:00:00,13447.122499999998,75755.3,SHORT
2026-04-30 00:00:00,13447.122499999998,76216.0,SHORT
2026-04-30 01:00:00,13447.122499999998,76263.1,SHORT
2026-04-30 02:00:00,13447.122499999998,75697.4,SHORT
2026-04-30 03:00:00,13447.122499999998,75900.4,SHORT
2026-04-30 04:00:00,13447.122499999998,75454.6,SHORT
2026-04-30 05:00:00,13447.122499999998,75653.3,SHORT
2026-04-30 06:00:00,13447.122499999998,75723.3,SHORT
2026-04-30 07:00:00,13447.122499999998,76092.5,SHORT
2026-04-30 08:00:00,13447.122499999998,76025.8,SHORT
2026-04-30 09:00:00,13447.122499999998,76089.0,SHORT
2026-04-30 10:00:00,13447.122499999998,76001.7,SHORT
2026-04-30 11:00:00,13447.122499999998,76020.1,SHORT
2026-04-30 12:00:00,13447.122499999998,76262.7,SHORT
2026-04-30 13:00:00,13030.602499999997,76375.1,
2026-04-30 14:00:00,13030.602499999997,76270.1,
2026-04-30 15:00:00,13030.602499999997,76459.7,
2026-04-30 16:00:00,13030.602499999997,76220.2,
2026-04-30 17:00:00,13030.602499999997,76239.1,
2026-04-30 18:00:00,13030.602499999997,76309.1,
2026-04-30 19:00:00,13030.602499999997,76384.3,
2026-04-30 20:00:00,13030.602499999997,76451.4,
2026-04-30 21:00:00,13030.602499999997,76230.3,
2026-04-30 22:00:00,13030.602499999997,76224.4,
2026-04-30 23:00:00,13030.602499999997,76286.5,
2026-05-01 00:00:00,13030.602499999997,76387.9,
2026-05-01 01:00:00,13030.602499999997,76651.4,
2026-05-01 02:00:00,13030.602499999997,76595.7,
2026-05-01 03:00:00,13030.602499999997,77083.5,
2026-05-01 04:00:00,13030.602499999997,77062.0,
2026-05-01 05:00:00,13030.602499999997,77100.1,
2026-05-01 06:00:00,13030.602499999997,76993.3,
2026-05-01 07:00:00,13030.602499999997,77099.9,
2026-05-01 08:00:00,13030.602499999997,77343.3,
2026-05-01 09:00:00,13030.602499999997,77222.8,
2026-05-01 10:00:00,13030.602499999997,77240.8,
2026-05-01 11:00:00,13030.602499999997,77426.4,
2026-05-01 12:00:00,13030.602499999997,77910.3,
2026-05-01 13:00:00,13030.602499999997,78663.3,
2026-05-01 14:00:00,13030.602499999997,78285.1,
2026-05-01 15:00:00,13030.602499999997,78373.1,
2026-05-01 16:00:00,13030.602499999997,78201.0,
2026-05-01 17:00:00,13030.602499999997,78512.0,
2026-05-01 18:00:00,13030.602499999997,78357.9,
2026-05-01 19:00:00,13030.602499999997,78332.6,
2026-05-01 20:00:00,13030.602499999997,77843.8,
2026-05-01 21:00:00,13030.602499999997,78121.9,
2026-05-01 22:00:00,13030.602499999997,78127.0,
2026-05-01 23:00:00,13030.602499999997,78187.6,
2026-05-02 00:00:00,13030.602499999997,78329.9,
2026-05-02 01:00:00,13030.602499999997,78295.7,
2026-05-02 02:00:00,13030.602499999997,78332.1,
2026-05-02 03:00:00,13030.602499999997,78401.7,
2026-05-02 04:00:00,13030.602499999997,78125.0,
2026-05-02 05:00:00,13030.602499999997,78150.1,
2026-05-02 06:00:00,13030.602499999997,78278.3,
2026-05-02 07:00:00,13030.602499999997,78170.1,
2026-05-02 08:00:00,13030.602499999997,78253.0,
2026-05-02 09:00:00,13030.602499999997,78280.3,
2026-05-02 10:00:00,13030.602499999997,78210.3,
2026-05-02 11:00:00,13030.602499999997,78099.9,
2026-05-02 12:00:00,13030.602499999997,78149.6,
2026-05-02 13:00:00,13030.602499999997,78329.5,
2026-05-02 14:00:00,13030.602499999997,78384.3,
2026-05-02 15:00:00,13030.602499999997,78418.9,
2026-05-02 16:00:00,13030.602499999997,78450.5,
2026-05-02 17:00:00,13030.602499999997,78362.2,
2026-05-02 18:00:00,13030.602499999997,78432.1,
2026-05-02 19:00:00,13030.602499999997,78460.0,
2026-05-02 20:00:00,13030.602499999997,78415.2,
2026-05-02 21:00:00,13030.602499999997,78694.5,
2026-05-02 22:00:00,13030.602499999997,78785.0,
2026-05-02 23:00:00,13030.602499999997,78643.2,
2026-05-03 00:00:00,13030.602499999997,78500.0,
2026-05-03 01:00:00,13030.602499999997,78216.0,
2026-05-03 02:00:00,13030.602499999997,78158.0,
2026-05-03 03:00:00,13030.602499999997,78163.1,
2026-05-03 04:00:00,13030.602499999997,78110.4,
2026-05-03 05:00:00,13030.602499999997,78190.2,
2026-05-03 06:00:00,13030.602499999997,78192.3,
2026-05-03 07:00:00,13030.602499999997,78315.5,
2026-05-03 08:00:00,13030.602499999997,78354.8,
2026-05-03 09:00:00,13030.602499999997,78476.4,
2026-05-03 10:00:00,13030.602499999997,78384.9,
2026-05-03 11:00:00,13030.602499999997,78630.2,
2026-05-03 12:00:00,13030.602499999997,78715.3,
2026-05-03 13:00:00,13030.602499999997,78634.7,
2026-05-03 14:00:00,13030.602499999997,78718.8,
2026-05-03 15:00:00,13030.602499999997,78625.2,
2026-05-03 16:00:00,13030.602499999997,78624.7,
2026-05-03 17:00:00,13030.602499999997,78750.1,
2026-05-03 18:00:00,13030.602499999997,78706.6,
2026-05-03 19:00:00,13030.602499999997,78750.0,
2026-05-03 20:00:00,13030.602499999997,78868.9,
2026-05-03 21:00:00,13030.602499999997,78794.5,
2026-05-03 22:00:00,13030.602499999997,79141.4,
2026-05-03 23:00:00,13030.602499999997,78575.0,
2026-05-04 00:00:00,13030.602499999997,78517.1,
2026-05-04 01:00:00,13030.602499999997,79582.8,
2026-05-04 02:00:00,13030.602499999997,80167.3,
2026-05-04 03:00:00,13030.602499999997,80197.0,
2026-05-04 04:00:00,13030.602499999997,80295.6,
2026-05-04 05:00:00,13030.602499999997,79967.8,
2026-05-04 06:00:00,13030.602499999997,79857.0,
2026-05-04 07:00:00,13030.602499999997,79712.8,
2026-05-04 08:00:00,13030.602499999997,79666.0,
2026-05-04 09:00:00,13030.602499999997,79846.8,
2026-05-04 10:00:00,13030.602499999997,78865.3,
2026-05-04 11:00:00,13030.602499999997,78760.8,
2026-05-04 12:00:00,13030.602499999997,78959.4,
2026-05-04 13:00:00,13030.602499999997,78800.0,
2026-05-04 14:00:00,13030.602499999997,80199.9,
2026-05-04 15:00:00,13030.602499999997,79929.8,
2026-05-04 16:00:00,13030.602499999997,79980.0,
2026-05-04 17:00:00,13030.602499999997,80400.0,
2026-05-04 18:00:00,13030.602499999997,80071.0,
2026-05-04 19:00:00,13030.602499999997,80027.1,
2026-05-04 20:00:00,13030.602499999997,79905.6,
2026-05-04 21:00:00,13030.602499999997,80211.3,
2026-05-04 22:00:00,13030.602499999997,80068.0,
2026-05-04 23:00:00,13030.602499999997,79808.2,
2026-05-05 00:00:00,13030.602499999997,80129.1,
2026-05-05 01:00:00,13030.602499999997,80311.0,
2026-05-05 02:00:00,13030.602499999997,80486.6,
2026-05-05 03:00:00,13030.602499999997,80816.4,
2026-05-05 04:00:00,13030.602499999997,80855.9,
2026-05-05 05:00:00,13030.602499999997,80953.2,
2026-05-05 06:00:00,13030.602499999997,80934.7,
2026-05-05 07:00:00,13030.602499999997,80833.2,
2026-05-05 08:00:00,13030.602499999997,80751.9,
2026-05-05 09:00:00,13030.602499999997,80533.1,
2026-05-05 10:00:00,13030.602499999997,80777.1,
2026-05-05 11:00:00,13030.602499999997,80953.7,
2026-05-05 12:00:00,13030.602499999997,81245.8,
2026-05-05 13:00:00,13030.602499999997,81315.5,
2026-05-05 14:00:00,13030.602499999997,81270.7,
2026-05-05 15:00:00,13030.602499999997,81516.9,
2026-05-05 16:00:00,13030.602499999997,81213.9,
2026-05-05 17:00:00,13030.602499999997,81272.9,
2026-05-05 18:00:00,13030.602499999997,81472.5,
2026-05-05 19:00:00,13030.602499999997,81550.7,
2026-05-05 20:00:00,13030.602499999997,81582.7,
2026-05-05 21:00:00,13030.602499999997,81398.1,
2026-05-05 22:00:00,13030.602499999997,81074.1,
2026-05-05 23:00:00,13030.602499999997,80874.5,
2026-05-06 00:00:00,13030.602499999997,80982.6,
2026-05-06 01:00:00,13030.602499999997,81390.4,
2026-05-06 02:00:00,13030.602499999997,81321.6,
2026-05-06 03:00:00,13030.602499999997,81536.0,
2026-05-06 04:00:00,13030.602499999997,81294.7,
2026-05-06 05:00:00,13030.602499999997,81271.5,
2026-05-06 06:00:00,13030.602499999997,81431.8,
2026-05-06 07:00:00,13030.602499999997,81314.2,
2026-05-06 08:00:00,13030.602499999997,81871.8,
2026-05-06 09:00:00,13030.602499999997,81930.1,
2026-05-06 10:00:00,13030.602499999997,82258.7,
2026-05-06 11:00:00,13030.602499999997,82470.4,
2026-05-06 12:00:00,13030.602499999997,82237.1,
2026-05-06 13:00:00,13030.602499999997,81679.3,
2026-05-06 14:00:00,13030.602499999997,81460.2,
2026-05-06 15:00:00,13030.602499999997,81682.7,
2026-05-06 16:00:00,13030.602499999997,81562.4,
2026-05-06 17:00:00,13030.602499999997,81401.6,
2026-05-06 18:00:00,13030.602499999997,81317.3,
2026-05-06 19:00:00,13030.602499999997,81417.3,
2026-05-06 20:00:00,13030.602499999997,81378.2,
2026-05-06 21:00:00,13030.602499999997,81499.9,
2026-05-06 22:00:00,13030.602499999997,81321.8,
2026-05-06 23:00:00,13030.602499999997,81390.0,
2026-05-07 00:00:00,13030.602499999997,81000.1,
2026-05-07 01:00:00,13030.602499999997,81122.0,
2026-05-07 02:00:00,13030.602499999997,81094.0,
2026-05-07 03:00:00,13030.602499999997,80865.1,
2026-05-07 04:00:00,13030.602499999997,80935.6,
2026-05-07 05:00:00,13030.602499999997,81024.2,
2026-05-07 06:00:00,13030.602499999997,81364.0,
2026-05-07 07:00:00,13030.602499999997,81435.4,
2026-05-07 08:00:00,13030.602499999997,81188.0,
2026-05-07 09:00:00,13030.602499999997,80888.6,
2026-05-07 10:00:00,13030.602499999997,80844.9,
2026-05-07 11:00:00,13030.602499999997,80834.0,
2026-05-07 12:00:00,13030.602499999997,81122.9,
2026-05-07 13:00:00,13030.602499999997,80465.6,
2026-05-07 14:00:00,13030.602499999997,80130.1,
2026-05-07 15:00:00,13030.602499999997,79900.0,
2026-05-07 16:00:00,13030.602499999997,79783.7,
2026-05-07 17:00:00,13030.602499999997,80013.5,
2026-05-07 18:00:00,13030.602499999997,80164.9,
2026-05-07 19:00:00,13030.602499999997,80053.9,
2026-05-07 20:00:00,13030.602499999997,79834.8,
2026-05-07 21:00:00,13030.602499999997,79700.1,
2026-05-07 22:00:00,13030.602499999997,79875.3,
2026-05-07 23:00:00,13030.602499999997,79989.0,
2026-05-08 00:00:00,13030.602499999997,79728.7,
2026-05-08 01:00:00,13030.602499999997,79694.4,
2026-05-08 02:00:00,13030.602499999997,79454.5,
2026-05-08 03:00:00,13030.602499999997,79539.9,
2026-05-08 04:00:00,13030.602499999997,79618.9,
2026-05-08 05:00:00,13030.602499999997,79582.3,
2026-05-08 06:00:00,13030.602499999997,79476.6,
2026-05-08 07:00:00,13030.602499999997,79622.8,
2026-05-08 08:00:00,13030.602499999997,79847.0,
2026-05-08 09:00:00,13030.602499999997,79826.2,
2026-05-08 10:00:00,13030.602499999997,80164.2,
2026-05-08 11:00:00,13030.602499999997,80181.9,
2026-05-08 12:00:00,13030.602499999997,80006.4,
2026-05-08 13:00:00,13030.602499999997,79576.7,
2026-05-08 14:00:00,13030.602499999997,80090.9,
2026-05-08 15:00:00,13030.602499999997,80102.1,
2026-05-08 16:00:00,13030.602499999997,79780.0,
2026-05-08 17:00:00,13030.602499999997,79978.8,
2026-05-08 18:00:00,13030.602499999997,80106.2,
2026-05-08 19:00:00,13030.602499999997,80091.0,
2026-05-08 20:00:00,13030.602499999997,80104.0,
2026-05-08 21:00:00,13030.602499999997,80184.8,
2026-05-08 22:00:00,13030.602499999997,80283.2,
2026-05-08 23:00:00,13030.602499999997,80109.7,
2026-05-09 00:00:00,13030.602499999997,80194.1,
2026-05-09 01:00:00,13030.602499999997,80285.6,
2026-05-09 02:00:00,13030.602499999997,80385.7,
2026-05-09 03:00:00,13030.602499999997,80324.0,
2026-05-09 04:00:00,13030.602499999997,80344.9,
2026-05-09 05:00:00,13030.602499999997,80352.8,
2026-05-09 06:00:00,13030.602499999997,80209.1,
2026-05-09 07:00:00,13030.602499999997,80182.6,
2026-05-09 08:00:00,13030.602499999997,80379.6,
2026-05-09 09:00:00,13030.602499999997,80200.0,
2026-05-09 10:00:00,13030.602499999997,80232.8,
2026-05-09 11:00:00,13030.602499999997,80336.0,
2026-05-09 12:00:00,13030.602499999997,80348.4,
2026-05-09 13:00:00,13030.602499999997,80355.4,
2026-05-09 14:00:00,13030.602499999997,80292.4,
2026-05-09 15:00:00,13030.602499999997,80476.9,
2026-05-09 16:00:00,13030.602499999997,80574.3,
2026-05-09 17:00:00,13030.602499999997,80768.4,
2026-05-09 18:00:00,13030.602499999997,80839.6,
2026-05-09 19:00:00,13030.602499999997,80896.0,
2026-05-09 20:00:00,13030.602499999997,80764.6,
2026-05-09 21:00:00,13030.602499999997,80761.2,
2026-05-09 22:00:00,13030.602499999997,80764.7,
2026-05-09 23:00:00,13030.602499999997,80659.3,
2026-05-10 00:00:00,13030.602499999997,80625.0,
2026-05-10 01:00:00,13030.602499999997,80620.0,
2026-05-10 02:00:00,13030.602499999997,80744.6,
2026-05-10 03:00:00,13030.602499999997,80780.8,
2026-05-10 04:00:00,13030.602499999997,80735.0,
2026-05-10 05:00:00,13030.602499999997,80702.6,
2026-05-10 06:00:00,13030.602499999997,80700.7,
2026-05-10 07:00:00,13030.602499999997,80714.0,
2026-05-10 08:00:00,13030.602499999997,80783.0,
2026-05-10 09:00:00,13030.602499999997,80762.8,
2026-05-10 10:00:00,13030.602499999997,80836.4,
2026-05-10 11:00:00,13030.602499999997,80767.7,
2026-05-10 12:00:00,13030.602499999997,80866.2,
2026-05-10 13:00:00,13030.602499999997,80918.1,
2026-05-10 14:00:00,13030.602499999997,80902.5,
2026-05-10 15:00:00,13030.602499999997,81383.5,
2026-05-10 16:00:00,13030.602499999997,81300.0,
2026-05-10 17:00:00,13030.602499999997,81441.5,
2026-05-10 18:00:00,13030.602499999997,81231.1,
2026-05-10 19:00:00,13030.602499999997,81397.4,
2026-05-10 20:00:00,13030.602499999997,80759.8,
2026-05-10 21:00:00,13030.602499999997,80735.0,
2026-05-10 22:00:00,13030.602499999997,81996.2,
2026-05-10 23:00:00,13030.602499999997,82175.7,
2026-05-11 00:00:00,13030.602499999997,81328.0,
2026-05-11 01:00:00,13030.602499999997,81456.5,
2026-05-11 02:00:00,13030.602499999997,81147.1,
2026-05-11 03:00:00,13030.602499999997,80693.6,
2026-05-11 04:00:00,13030.602499999997,80818.4,
2026-05-11 05:00:00,13030.602499999997,80774.9,
2026-05-11 06:00:00,13030.602499999997,80827.6,
2026-05-11 07:00:00,13030.602499999997,80701.4,
2026-05-11 08:00:00,13030.602499999997,80728.7,
2026-05-11 09:00:00,13030.602499999997,80928.9,
2026-05-11 10:00:00,13030.602499999997,80951.3,
2026-05-11 11:00:00,13030.602499999997,81098.6,
2026-05-11 12:00:00,13030.602499999997,81069.2,
2026-05-11 13:00:00,13030.602499999997,81053.9,LONG
2026-05-11 14:00:00,13030.602499999997,80897.3,LONG
2026-05-11 15:00:00,13146.802499999998,81344.4,
2026-05-11 16:00:00,13146.802499999998,81556.6,LONG
2026-05-11 17:00:00,13146.802499999998,81887.9,LONG
2026-05-11 18:00:00,13146.802499999998,81856.6,LONG
2026-05-11 19:00:00,13146.802499999998,81917.1,LONG
2026-05-11 20:00:00,13146.802499999998,81804.6,LONG
2026-05-11 21:00:00,13146.802499999998,81784.7,LONG
2026-05-11 22:00:00,13146.802499999998,81797.2,LONG
2026-05-11 23:00:00,13146.802499999998,81699.0,LONG
2026-05-12 00:00:00,13146.802499999998,81514.6,LONG
2026-05-12 01:00:00,13146.802499999998,81148.0,LONG
2026-05-12 02:00:00,13146.802499999998,81207.3,LONG
2026-05-12 03:00:00,13146.802499999998,81025.0,LONG
2026-05-12 04:00:00,13146.802499999998,81220.8,LONG
2026-05-12 05:00:00,13146.802499999998,81229.8,LONG
2026-05-12 06:00:00,13146.802499999998,81033.8,LONG
2026-05-12 07:00:00,13146.802499999998,80890.2,LONG
2026-05-12 08:00:00,12852.731999999996,80830.5,
2026-05-12 09:00:00,12852.731999999996,80798.3,
2026-05-12 10:00:00,12852.731999999996,80631.1,
2026-05-12 11:00:00,12852.731999999996,80732.8,
2026-05-12 12:00:00,12852.731999999996,80850.1,
2026-05-12 13:00:00,12852.731999999996,80573.0,
2026-05-12 14:00:00,12852.731999999996,80502.3,
2026-05-12 15:00:00,12852.731999999996,80332.6,
2026-05-12 16:00:00,12852.731999999996,80040.0,
2026-05-12 17:00:00,12852.731999999996,80492.9,
2026-05-12 18:00:00,12852.731999999996,80647.4,
2026-05-12 19:00:00,12852.731999999996,80795.2,
2026-05-12 20:00:00,12852.731999999996,80667.0,
2026-05-12 21:00:00,12852.731999999996,80549.9,
2026-05-12 22:00:00,12852.731999999996,80682.2,
2026-05-12 23:00:00,12852.731999999996,80461.0,
2026-05-13 00:00:00,12852.731999999996,80671.9,
2026-05-13 01:00:00,12852.731999999996,80945.0,
2026-05-13 02:00:00,12852.731999999996,80999.0,
2026-05-13 03:00:00,12852.731999999996,81172.9,
2026-05-13 04:00:00,12852.731999999996,81191.9,
2026-05-13 05:00:00,12852.731999999996,81000.1,
2026-05-13 06:00:00,12852.731999999996,80960.5,
2026-05-13 07:00:00,12852.731999999996,80981.9,
2026-05-13 08:00:00,12852.731999999996,81134.2,
2026-05-13 09:00:00,12852.731999999996,81237.5,
2026-05-13 10:00:00,12852.731999999996,80782.8,
2026-05-13 11:00:00,12852.731999999996,80473.2,
2026-05-13 12:00:00,12852.731999999996,80165.5,
2026-05-13 13:00:00,12852.731999999996,79659.6,
2026-05-13 14:00:00,12852.731999999996,79727.4,
2026-05-13 15:00:00,12852.731999999996,78925.9,
2026-05-13 16:00:00,12852.731999999996,79071.8,
2026-05-13 17:00:00,12852.731999999996,79495.5,
2026-05-13 18:00:00,12852.731999999996,79624.3,
2026-05-13 19:00:00,12852.731999999996,79573.5,
2026-05-13 20:00:00,12852.731999999996,79650.1,
2026-05-13 21:00:00,12852.731999999996,79380.1,
2026-05-13 22:00:00,12852.731999999996,79406.1,
2026-05-13 23:00:00,12852.731999999996,79288.2,
2026-05-14 00:00:00,12852.731999999996,79561.3,
2026-05-14 01:00:00,12852.731999999996,79565.8,
2026-05-14 02:00:00,12852.731999999996,79348.7,
2026-05-14 03:00:00,12852.731999999996,79051.1,
2026-05-14 04:00:00,12852.731999999996,79409.9,
2026-05-14 05:00:00,12852.731999999996,79801.7,
2026-05-14 06:00:00,12852.731999999996,79787.1,
2026-05-14 07:00:00,12852.731999999996,79759.2,
2026-05-14 08:00:00,12852.731999999996,79776.9,
2026-05-14 09:00:00,12852.731999999996,79614.8,
2026-05-14 10:00:00,12852.731999999996,79530.0,
2026-05-14 11:00:00,12852.731999999996,79260.0,
2026-05-14 12:00:00,12852.731999999996,79720.1,
2026-05-14 13:00:00,12852.731999999996,79917.4,
2026-05-14 14:00:00,12852.731999999996,80572.2,
2026-05-14 15:00:00,12852.731999999996,81139.1,
2026-05-14 16:00:00,12852.731999999996,81548.0,
2026-05-14 17:00:00,12852.731999999996,81623.0,
2026-05-14 18:00:00,12852.731999999996,81543.8,
2026-05-14 19:00:00,12852.731999999996,81351.6,
2026-05-14 20:00:00,12852.731999999996,81345.5,
2026-05-14 21:00:00,12852.731999999996,81357.0,
2026-05-14 22:00:00,12852.731999999996,81399.3,
2026-05-14 23:00:00,12852.731999999996,81025.8,
2026-05-15 00:00:00,12852.731999999996,81438.6,
2026-05-15 01:00:00,12852.731999999996,81239.8,
2026-05-15 02:00:00,12852.731999999996,81261.9,
2026-05-15 03:00:00,12852.731999999996,81022.7,
2026-05-15 04:00:00,12852.731999999996,80798.7,
2026-05-15 05:00:00,12852.731999999996,80380.0,
2026-05-15 06:00:00,12852.731999999996,80545.3,
2026-05-15 07:00:00,12852.731999999996,80782.9,
2026-05-15 08:00:00,12852.731999999996,80602.2,
2026-05-15 09:00:00,12852.731999999996,80421.2,
2026-05-15 10:00:00,12852.731999999996,80671.6,
2026-05-15 11:00:00,12852.731999999996,80582.0,
2026-05-15 12:00:00,12852.731999999996,80326.8,
2026-05-15 13:00:00,12852.731999999996,78959.9,
2026-05-15 14:00:00,12852.731999999996,79150.4,
2026-05-15 15:00:00,12852.731999999996,79144.8,
2026-05-15 16:00:00,12852.731999999996,79236.9,
2026-05-15 17:00:00,12852.731999999996,79432.1,
2026-05-15 18:00:00,12852.731999999996,79266.1,
2026-05-15 19:00:00,12852.731999999996,79105.8,
2026-05-15 20:00:00,12852.731999999996,79073.9,
2026-05-15 21:00:00,12852.731999999996,78963.7,
2026-05-15 22:00:00,12852.731999999996,79077.0,
2026-05-15 23:00:00,12852.731999999996,79084.6,
2026-05-16 00:00:00,12852.731999999996,79067.7,
2026-05-16 01:00:00,12852.731999999996,79128.5,
2026-05-16 02:00:00,12852.731999999996,79042.1,
2026-05-16 03:00:00,12852.731999999996,79053.4,
2026-05-16 04:00:00,12852.731999999996,78999.3,
2026-05-16 05:00:00,12852.731999999996,78955.4,
2026-05-16 06:00:00,12852.731999999996,78599.8,
2026-05-16 07:00:00,12852.731999999996,78349.8,
2026-05-16 08:00:00,12852.731999999996,78399.9,
2026-05-16 09:00:00,12852.731999999996,78047.9,
2026-05-16 10:00:00,12852.731999999996,77919.2,
2026-05-16 11:00:00,12852.731999999996,78054.1,
2026-05-16 12:00:00,12852.731999999996,77997.2,
2026-05-16 13:00:00,12852.731999999996,77967.9,
2026-05-16 14:00:00,12852.731999999996,78093.8,
2026-05-16 15:00:00,12852.731999999996,78204.1,
2026-05-16 16:00:00,12852.731999999996,78160.2,
2026-05-16 17:00:00,12852.731999999996,78173.7,
2026-05-16 18:00:00,12852.731999999996,78199.3,
2026-05-16 19:00:00,12852.731999999996,78236.1,
2026-05-16 20:00:00,12852.731999999996,78233.3,
2026-05-16 21:00:00,12852.731999999996,78247.1,
2026-05-16 22:00:00,12852.731999999996,78144.3,
2026-05-16 23:00:00,12852.731999999996,78150.4,
2026-05-17 00:00:00,12852.731999999996,77996.2,
2026-05-17 01:00:00,12852.731999999996,77703.0,
2026-05-17 02:00:00,12852.731999999996,77863.0,
2026-05-17 03:00:00,12852.731999999996,77986.4,
2026-05-17 04:00:00,12852.731999999996,78117.4,
2026-05-17 05:00:00,12852.731999999996,78084.6,
2026-05-17 06:00:00,12852.731999999996,78062.0,
2026-05-17 07:00:00,12852.731999999996,78130.0,
2026-05-17 08:00:00,12852.731999999996,78050.6,
2026-05-17 09:00:00,12852.731999999996,78192.0,
2026-05-17 10:00:00,12852.731999999996,78415.0,
2026-05-17 11:00:00,12852.731999999996,78300.7,
